{
  "seasonal_naive": {
    "mae": 88.47475282485875,
    "rmse": 137.5326071570904,
    "crps": 68.35297663135593,
    "ece": 0.08396107972379158,
    "calibration_curve": {
      "0.1": 0.09745762711864407,
      "0.2": 0.1694915254237288,
      "0.3": 0.24364406779661016,
      "0.4": 0.326271186440678,
      "0.5": 0.3997175141242938,
      "0.6": 0.4717514124293785,
      "0.7": 0.5706214689265536,
      "0.8": 0.6793785310734464,
      "0.9": 0.7860169491525424
    },
    "coverage@50": 0.3997175141242938,
    "winkler@50": 307.1292902542373,
    "width@50": 67.19037782485876,
    "coverage@80": 0.6793785310734464,
    "winkler@80": 499.8227401129943,
    "width@80": 138.54067796610175,
    "coverage@90": 0.7860169491525424,
    "winkler@90": 690.7808580508475,
    "width@90": 182.92210098870052,
    "status": "ok",
    "n_windows": 59,
    "n_dropped": 0
  },
  "arima": {
    "mae": 59.936939684798226,
    "rmse": 103.45362909833116,
    "crps": 47.41799673523933,
    "ece": 0.07201820464532328,
    "calibration_curve": {
      "0.1": 0.18714689265536724,
      "0.2": 0.3199152542372881,
      "0.3": 0.4053672316384181,
      "0.4": 0.480225988700565,
      "0.5": 0.5536723163841808,
      "0.6": 0.6242937853107344,
      "0.7": 0.6772598870056498,
      "0.8": 0.740819209039548,
      "0.9": 0.8043785310734464
    },
    "coverage@50": 0.5536723163841808,
    "winkler@50": 207.04186586475086,
    "width@50": 63.29920925793732,
    "coverage@80": 0.740819209039548,
    "winkler@80": 361.50041194715294,
    "width@80": 112.67221523648318,
    "coverage@90": 0.8043785310734464,
    "winkler@90": 547.1111568249831,
    "width@90": 139.71912832503827,
    "status": "ok",
    "n_windows": 59,
    "n_dropped": 0
  },
  "ets": {
    "mae": 61.266703630443224,
    "rmse": 104.94595831327666,
    "crps": 47.48727903459098,
    "ece": 0.10913370998116761,
    "calibration_curve": {
      "0.1": 0.1730225988700565,
      "0.2": 0.3396892655367232,
      "0.3": 0.4717514124293785,
      "0.4": 0.5798022598870056,
      "0.5": 0.6560734463276836,
      "0.6": 0.7203389830508474,
      "0.7": 0.7810734463276836,
      "0.8": 0.8389830508474576,
      "0.9": 0.8785310734463276
    },
    "coverage@50": 0.6560734463276836,
    "winkler@50": 209.44115109638997,
    "width@50": 87.77600801736168,
    "coverage@80": 0.8389830508474576,
    "winkler@80": 351.06537829682924,
    "width@80": 157.95716173441937,
    "coverage@90": 0.8785310734463276,
    "winkler@90": 514.0647421443244,
    "width@90": 194.68764334650817,
    "status": "ok",
    "n_windows": 59,
    "n_dropped": 0
  }
}