{
  "ece": 0.0869428750784683,
  "calibration_curve": {
    "0.1": 0.08757062146892655,
    "0.2": 0.1673728813559322,
    "0.3": 0.2379943502824859,
    "0.4": 0.3107344632768362,
    "0.5": 0.3919491525423729,
    "0.6": 0.4781073446327684,
    "0.7": 0.5706214689265536,
    "0.8": 0.6765536723163842,
    "0.9": 0.7966101694915254
  },
  "per_horizon_ece": {
    "1": 0.032203389830508494,
    "6": 0.05969868173258005,
    "12": 0.11581920903954804,
    "24": 0.16666666666666666
  }
}