{
  "per_seed": {
    "42": {
      "mae": 62.74623379936326,
      "rmse": 100.27307641088956,
      "crps": 46.2073399884546,
      "ece": 0.1634494664155681,
      "calibration_curve": {
        "0.1": 0.06497175141242938,
        "0.2": 0.11793785310734463,
        "0.3": 0.1765536723163842,
        "0.4": 0.25,
        "0.5": 0.3128531073446328,
        "0.6": 0.3834745762711864,
        "0.7": 0.4738700564971751,
        "0.8": 0.5706214689265536,
        "0.9": 0.6786723163841808
      },
      "coverage@50": 0.3128531073446328,
      "winkler@50": 205.23726750817676,
      "width@50": 65.43676384306897,
      "coverage@80": 0.5706214689265536,
      "winkler@80": 314.53422481798185,
      "width@80": 122.65692219761134,
      "coverage@90": 0.6786723163841808,
      "winkler@90": 424.28786135640695,
      "width@90": 154.6672222615451,
      "n_windows": 59
    },
    "123": {
      "mae": 58.259145116822864,
      "rmse": 100.28309330962469,
      "crps": 42.67391051438495,
      "ece": 0.14124293785310735,
      "calibration_curve": {
        "0.1": 0.06850282485875706,
        "0.2": 0.13135593220338984,
        "0.3": 0.20056497175141244,
        "0.4": 0.2612994350282486,
        "0.5": 0.3403954802259887,
        "0.6": 0.4088983050847458,
        "0.7": 0.5042372881355932,
        "0.8": 0.5918079096045198,
        "0.9": 0.7217514124293786
      },
      "coverage@50": 0.3403954802259887,
      "winkler@50": 188.21180358314413,
      "width@50": 54.88837268851739,
      "coverage@80": 0.5918079096045198,
      "winkler@80": 290.60997143379376,
      "width@80": 99.34763655327475,
      "coverage@90": 0.7217514124293786,
      "winkler@90": 396.7800438808474,
      "width@90": 124.28337248085121,
      "n_windows": 59
    },
    "456": {
      "mae": 62.944947655675776,
      "rmse": 101.38140159068367,
      "crps": 45.05460958644305,
      "ece": 0.1064030131826742,
      "calibration_curve": {
        "0.1": 0.06567796610169492,
        "0.2": 0.1405367231638418,
        "0.3": 0.21045197740112995,
        "0.4": 0.2909604519774011,
        "0.5": 0.3764124293785311,
        "0.6": 0.4696327683615819,
        "0.7": 0.557909604519774,
        "0.8": 0.663135593220339,
        "0.9": 0.7676553672316384
      },
      "coverage@50": 0.3764124293785311,
      "winkler@50": 200.0319801811655,
      "width@50": 75.01166377601734,
      "coverage@80": 0.663135593220339,
      "winkler@80": 289.16509293054975,
      "width@80": 134.85146859399188,
      "coverage@90": 0.7676553672316384,
      "winkler@90": 385.46081601019455,
      "width@90": 166.8092074474556,
      "n_windows": 59
    },
    "789": {
      "mae": 58.22271064917246,
      "rmse": 100.60295329854645,
      "crps": 42.711761423823205,
      "ece": 0.1284526051475204,
      "calibration_curve": {
        "0.1": 0.0748587570621469,
        "0.2": 0.1362994350282486,
        "0.3": 0.20692090395480225,
        "0.4": 0.278954802259887,
        "0.5": 0.3524011299435028,
        "0.6": 0.4286723163841808,
        "0.7": 0.5120056497175142,
        "0.8": 0.6151129943502824,
        "0.9": 0.7387005649717514
      },
      "coverage@50": 0.3524011299435028,
      "winkler@50": 188.78137914211317,
      "width@50": 60.42876923915609,
      "coverage@80": 0.6151129943502824,
      "winkler@80": 286.1856644656342,
      "width@80": 106.45624383637265,
      "coverage@90": 0.7387005649717514,
      "winkler@90": 403.817172936204,
      "width@90": 131.21809239516432,
      "n_windows": 59
    },
    "1337": {
      "mae": 56.309595137750364,
      "rmse": 95.07275149432769,
      "crps": 41.43881235186142,
      "ece": 0.0869428750784683,
      "calibration_curve": {
        "0.1": 0.08757062146892655,
        "0.2": 0.1673728813559322,
        "0.3": 0.2379943502824859,
        "0.4": 0.3107344632768362,
        "0.5": 0.3919491525423729,
        "0.6": 0.4781073446327684,
        "0.7": 0.5706214689265536,
        "0.8": 0.6765536723163842,
        "0.9": 0.7966101694915254
      },
      "coverage@50": 0.3919491525423729,
      "winkler@50": 183.87262095745632,
      "width@50": 69.9400841267832,
      "coverage@80": 0.6765536723163842,
      "winkler@80": 277.6191875629246,
      "width@80": 124.88934929553496,
      "coverage@90": 0.7966101694915254,
      "winkler@90": 376.7630243044009,
      "width@90": 154.89366342979918,
      "n_windows": 59
    }
  },
  "aggregate": {
    "mae": {
      "mean": 59.69652647175694,
      "std": 2.6669254609709805
    },
    "rmse": {
      "mean": 99.52265522081441,
      "std": 2.2611954019359457
    },
    "crps": {
      "mean": 43.61728677299344,
      "std": 1.7452769554317675
    },
    "ece": {
      "mean": 0.12529817953546768,
      "std": 0.026637804342124337
    },
    "coverage@50": {
      "mean": 0.35480225988700564,
      "std": 0.02764034436700013
    },
    "winkler@50": {
      "mean": 193.22701027441116,
      "std": 8.03709435140333
    },
    "width@50": {
      "mean": 65.1411307347086,
      "std": 7.040883091376184
    },
    "coverage@80": {
      "mean": 0.6234463276836159,
      "std": 0.04063625843623854
    },
    "winkler@80": {
      "mean": 291.6228282421768,
      "std": 12.30985895156132
    },
    "width@80": {
      "mean": 117.64032409535712,
      "std": 12.91235212172361
    },
    "coverage@90": {
      "mean": 0.7406779661016949,
      "std": 0.04015723270793961
    },
    "winkler@90": {
      "mean": 397.42178369761075,
      "std": 16.32757207890966
    },
    "width@90": {
      "mean": 146.37431160296308,
      "std": 15.97909423520368
    },
    "n_windows": {
      "mean": 59.0,
      "std": 0.0
    }
  },
  "best_seed": 1337,
  "data_source": "uci"
}