{
  "method": "isotonic",
  "val_windows": 180,
  "ece_before": 0.0903954802259887,
  "ece_after": 0.09832077840552417,
  "val_ece_before": 0.013940329218107003,
  "val_ece_after": 0.01630658436213992,
  "oracle_test_ece_leakage": 0.020354676710608904,
  "coverage90_before": 0.8036723163841808,
  "coverage90_after": 0.797316384180791,
  "crps_before": 42.04759388497546,
  "crps_after": 42.87141256061939,
  "width90_before": 156.21078305839862,
  "width90_after": 164.3201510658967,
  "metrics_before": {
    "mae": 57.14328499315149,
    "rmse": 96.11817606612864,
    "crps": 42.04759388497546,
    "ece": 0.0903954802259887,
    "coverage@50": 0.3855932203389831,
    "winkler@50": 187.5636095270346,
    "width@50": 69.4059544781928,
    "coverage@80": 0.6744350282485876,
    "winkler@80": 280.4826815704378,
    "width@80": 125.50724162862214,
    "coverage@90": 0.8036723163841808,
    "winkler@90": 371.1556933673026,
    "width@90": 156.21078305839862
  },
  "metrics_after": {
    "mae": 57.66697376028918,
    "rmse": 96.5636463199463,
    "crps": 42.87141256061939,
    "ece": 0.09832077840552417,
    "coverage@50": 0.3778248587570621,
    "winkler@50": 192.80916349839933,
    "width@50": 67.66717182875122,
    "coverage@80": 0.6560734463276836,
    "winkler@80": 289.4752439290553,
    "width@80": 127.42361507199999,
    "coverage@90": 0.797316384180791,
    "winkler@90": 382.83288041043517,
    "width@90": 164.3201510658967
  }
}